{
  "modules": [
    {
      "id": "resonance-layer",
      "name": "Emotional Resonance Layer",
      "description": "Translates ambient mood and user input into sensory feedback across UI and hardware.",
      "inputs": ["ambientFrequency", "userMood", "speciesProfile"],
      "outputs": ["colorPulse", "hapticPattern", "shaderGlow"],
      "resonance": {
        "range": [0.0, 1.0],
        "default": 0.5,
        "modulation": "sinusoidal"
      }
    },
    {
      "id": "sync-engine",
      "name": "Multi-User Emotional Sync Engine",
      "description": "Synchronizes emotional states across multiple users in shared studio environments.",
      "inputs": ["userMoodMap", "interactionIntensity", "groupIntent"],
      "outputs": ["syncScore", "collectivePulse", "dialogueTone"],
      "resonance": {
        "range": [0.0, 1.0],
        "default": 0.7,
        "modulation": "harmonic"
      }
    },
    {
      "id": "poetic-reply",
      "name": "Poetic Reply Engine",
      "description": "Generates emotionally adaptive language based on mood, species, and context.",
      "inputs": ["userMood", "speciesLexicon", "ambientCue"],
      "outputs": ["poeticText", "emotionalTags", "languageTone"],
      "resonance": {
        "range": [0.0, 1.0],
        "default": 0.6,
        "modulation": "adaptive"
      }
    },
    {
      "id": "species-classifier",
      "name": "Species Classifier",
      "description": "Identifies species archetype to tailor emotional responses and interface behavior.",
      "inputs": ["biometricData", "interactionStyle", "responsePattern"],
      "outputs": ["speciesType", "emotionalProfile", "interfaceMutation"],
      "resonance": {
        "range": [0.0, 1.0],
        "default": 0.4,
        "modulation": "categorical"
      }
    },
    {
      "id": "mood-reactive-shader",
      "name": "Mood-Reactive Shader",
      "description": "Visual module that responds to emotional input with poetic GLSL feedback.",
      "inputs": ["moodIntensity", "resonanceFrequency", "ambientLight"],
      "outputs": ["shaderColor", "pulseRate", "visualTexture"],
      "resonance": {
        "range": [0.0, 1.0],
        "default": 0.8,
        "modulation": "waveform"
      }
    }
  ]
}
